{"cameraMode":{"drawMode":0,"name":"Shaded","section":"Shading Mode"},"sceneLighting":true,"audioPlay":false,"sceneViewState":{"showFog":true,"showMaterialUpdate":false,"showSkybox":true,"showFlares":true,"showImageEffects":true,"showParticleSystems":true},"in2DMode":false,"pivot":{"x":-15.52840518951416,"y":-3.4614853858947756,"z":-4.329872131347656},"rotation":{"x":0.07276224344968796,"y":-0.7655400037765503,"z":0.08864075690507889,"w":0.6334574222564697},"size":9.550000190734864,"orthographic":false}